timeStamp,elapsed,label,responseCode,responseMessage,threadName,dataType,success,failureMessage,bytes,sentBytes,grpThreads,allThreads,URL,Filename,Latency,Encoding,SampleCount,ErrorCount,IdleTime,Connect
1674360739789,409,/get_method,200,OK,Jmeter_HW_1 1-4,text,true,,169,148,9,9,http://162.55.220.72:5005/get_method?name=Artem&age=27,,409,ISO-8859-1,1,0,0,203
1674360739869,409,/get_method,200,OK,Jmeter_HW_1 1-5,text,true,,169,148,10,10,http://162.55.220.72:5005/get_method?name=Artem&age=27,,409,ISO-8859-1,1,0,0,203
1674360739949,411,/get_method,200,OK,Jmeter_HW_1 1-6,text,true,,169,148,11,11,http://162.55.220.72:5005/get_method?name=Artem&age=27,,411,ISO-8859-1,1,0,0,205
1674360740029,412,/get_method,200,OK,Jmeter_HW_1 1-7,text,true,,169,148,12,12,http://162.55.220.72:5005/get_method?name=Artem&age=27,,412,ISO-8859-1,1,0,0,205
1674360740110,410,/get_method,200,OK,Jmeter_HW_1 1-8,text,true,,169,148,13,13,http://162.55.220.72:5005/get_method?name=Artem&age=27,,410,ISO-8859-1,1,0,0,203
1674360740191,412,/get_method,200,OK,Jmeter_HW_1 1-9,text,true,,169,148,14,14,http://162.55.220.72:5005/get_method?name=Artem&age=27,,412,ISO-8859-1,1,0,0,205
1674360740198,413,/user_info_2,200,OK,Jmeter_HW_1 1-4,text,true,,464,245,14,14,http://162.55.220.72:5005/user_info_2,,413,ISO-8859-1,1,0,0,206
1674360740270,416,/get_method,200,OK,Jmeter_HW_1 1-10,text,true,,169,148,15,15,http://162.55.220.72:5005/get_method?name=Artem&age=27,,415,ISO-8859-1,1,0,0,207
1674360740360,410,/user_info_2,200,OK,Jmeter_HW_1 1-6,text,true,,464,245,16,16,http://162.55.220.72:5005/user_info_2,,410,ISO-8859-1,1,0,0,204
1674360740427,410,/get_method,200,OK,Jmeter_HW_1 1-12,text,true,,169,148,17,17,http://162.55.220.72:5005/get_method?name=Artem&age=27,,410,ISO-8859-1,1,0,0,203
1674360740442,413,/user_info_2,200,OK,Jmeter_HW_1 1-7,text,true,,464,245,17,17,http://162.55.220.72:5005/user_info_2,,413,ISO-8859-1,1,0,0,205
1674360740509,409,/get_method,200,OK,Jmeter_HW_1 1-13,text,true,,169,148,18,18,http://162.55.220.72:5005/get_method?name=Artem&age=27,,409,ISO-8859-1,1,0,0,204
1674360739544,1413,/get_method,200,OK,Jmeter_HW_1 1-1,text,true,,169,148,18,18,http://162.55.220.72:5005/get_method?name=Artem&age=27,,1413,ISO-8859-1,1,0,0,1206
1674360740590,409,/get_method,200,OK,Jmeter_HW_1 1-14,text,true,,169,148,19,19,http://162.55.220.72:5005/get_method?name=Artem&age=27,,408,ISO-8859-1,1,0,0,203
1674360739629,1414,/get_method,200,OK,Jmeter_HW_1 1-2,text,true,,169,148,19,19,http://162.55.220.72:5005/get_method?name=Artem&age=27,,1414,ISO-8859-1,1,0,0,1205
1674360740670,408,/get_method,200,OK,Jmeter_HW_1 1-15,text,true,,169,148,20,20,http://162.55.220.72:5005/get_method?name=Artem&age=27,,408,ISO-8859-1,1,0,0,204
1674360740686,415,/user_info_2,200,OK,Jmeter_HW_1 1-10,text,true,,464,245,20,20,http://162.55.220.72:5005/user_info_2,,415,ISO-8859-1,1,0,0,206
1674360739709,1412,/get_method,200,OK,Jmeter_HW_1 1-3,text,true,,169,148,20,20,http://162.55.220.72:5005/get_method?name=Artem&age=27,,1412,ISO-8859-1,1,0,0,1206
1674360740749,411,/get_method,200,OK,Jmeter_HW_1 1-16,text,true,,169,148,21,21,http://162.55.220.72:5005/get_method?name=Artem&age=27,,411,ISO-8859-1,1,0,0,204
1674360740770,412,/user_info_3,200,OK,Jmeter_HW_1 1-6,text,true,,369,244,21,21,http://162.55.220.72:5005/user_info_3,,411,ISO-8859-1,1,0,0,204
1674360740830,410,/get_method,200,OK,Jmeter_HW_1 1-17,text,true,,169,148,22,22,http://162.55.220.72:5005/get_method?name=Artem&age=27,,410,ISO-8859-1,1,0,0,203
1674360740837,415,/user_info_2,200,OK,Jmeter_HW_1 1-12,text,true,,464,245,22,22,http://162.55.220.72:5005/user_info_2,,415,ISO-8859-1,1,0,0,206
1674360740908,413,/get_method,200,OK,Jmeter_HW_1 1-18,text,true,,169,148,23,23,http://162.55.220.72:5005/get_method?name=Artem&age=27,,413,ISO-8859-1,1,0,0,205
1674360740957,415,/user_info_2,200,OK,Jmeter_HW_1 1-1,text,true,,464,245,23,23,http://162.55.220.72:5005/user_info_2,,414,ISO-8859-1,1,0,0,205
1674360740985,414,/get_method,200,OK,Jmeter_HW_1 1-19,text,true,,169,148,24,24,http://162.55.220.72:5005/get_method?name=Artem&age=27,,414,ISO-8859-1,1,0,0,205
1674360741101,412,/user_info_3,200,OK,Jmeter_HW_1 1-10,text,true,,369,244,25,25,http://162.55.220.72:5005/user_info_3,,412,ISO-8859-1,1,0,0,203
1674360741122,410,/user_info_2,200,OK,Jmeter_HW_1 1-3,text,true,,464,245,25,25,http://162.55.220.72:5005/user_info_2,,409,ISO-8859-1,1,0,0,203
1674360741150,407,/get_method,200,OK,Jmeter_HW_1 1-21,text,true,,169,148,26,26,http://162.55.220.72:5005/get_method?name=Artem&age=27,,407,ISO-8859-1,1,0,0,201
1674360741160,417,/user_info_2,200,OK,Jmeter_HW_1 1-16,text,true,,464,245,26,26,http://162.55.220.72:5005/user_info_2,,417,ISO-8859-1,1,0,0,206
1674360741252,415,/user_info_3,200,OK,Jmeter_HW_1 1-12,text,true,,369,244,27,27,http://162.55.220.72:5005/user_info_3,,415,ISO-8859-1,1,0,0,206
1674360740278,1409,/user_info_2,200,OK,Jmeter_HW_1 1-5,text,true,,464,245,27,27,http://162.55.220.72:5005/user_info_2,,1409,ISO-8859-1,1,0,0,1203
1674360741310,412,/get_method,200,OK,Jmeter_HW_1 1-23,text,true,,169,148,28,28,http://162.55.220.72:5005/get_method?name=Artem&age=27,,412,ISO-8859-1,1,0,0,205
1674360741322,415,/user_info_2,200,OK,Jmeter_HW_1 1-18,text,true,,464,245,28,28,http://162.55.220.72:5005/user_info_2,,415,ISO-8859-1,1,0,0,205
1674360741372,407,/user_info_3,200,OK,Jmeter_HW_1 1-1,text,true,,369,244,28,28,http://162.55.220.72:5005/user_info_3,,407,ISO-8859-1,1,0,0,201
1674360741513,411,/object_info_1,200,OK,Jmeter_HW_1 1-10,text,true,,231,161,30,30,http://162.55.220.72:5005/object_info_1?name=Anton&age=24&weight=99,,411,ISO-8859-1,1,0,0,204
1674360740520,1415,/user_info_2,200,OK,Jmeter_HW_1 1-8,text,true,,464,245,30,30,http://162.55.220.72:5005/user_info_2,,1415,ISO-8859-1,1,0,0,1207
1674360741532,409,/user_info_3,200,OK,Jmeter_HW_1 1-3,text,true,,369,244,30,30,http://162.55.220.72:5005/user_info_3,,409,ISO-8859-1,1,0,0,204
1674360741550,413,/get_method,200,OK,Jmeter_HW_1 1-26,text,true,,169,148,31,31,http://162.55.220.72:5005/get_method?name=Artem&age=27,,413,ISO-8859-1,1,0,0,205
1674360741557,410,/user_info_2,200,OK,Jmeter_HW_1 1-21,text,true,,464,245,31,31,http://162.55.220.72:5005/user_info_2,,410,ISO-8859-1,1,0,0,203
1674360741577,410,/user_info_3,200,OK,Jmeter_HW_1 1-16,text,true,,369,244,31,31,http://162.55.220.72:5005/user_info_3,,410,ISO-8859-1,1,0,0,203
1674360740603,1409,/user_info_2,200,OK,Jmeter_HW_1 1-9,text,true,,464,245,31,31,http://162.55.220.72:5005/user_info_2,,1409,ISO-8859-1,1,0,0,1203
1674360740611,1414,/user_info_3,200,OK,Jmeter_HW_1 1-4,text,true,,369,244,31,31,http://162.55.220.72:5005/user_info_3,,1413,ISO-8859-1,1,0,0,1203
1674360741667,412,/object_info_1,200,OK,Jmeter_HW_1 1-12,text,true,,231,161,32,32,http://162.55.220.72:5005/object_info_1?name=Anton&age=24&weight=99,,412,ISO-8859-1,1,0,0,204
1674360741709,410,/get_method,200,OK,Jmeter_HW_1 1-28,text,true,,169,148,33,33,http://162.55.220.72:5005/get_method?name=Artem&age=27,,410,ISO-8859-1,1,0,0,204
1674360741722,414,/user_info_2,200,OK,Jmeter_HW_1 1-23,text,true,,464,245,33,33,http://162.55.220.72:5005/user_info_2,,414,ISO-8859-1,1,0,0,205
1674360741737,413,/user_info_3,200,OK,Jmeter_HW_1 1-18,text,true,,369,244,33,33,http://162.55.220.72:5005/user_info_3,,413,ISO-8859-1,1,0,0,205
1674360741789,415,/get_method,200,OK,Jmeter_HW_1 1-29,text,true,,169,148,34,34,http://162.55.220.72:5005/get_method?name=Artem&age=27,,415,ISO-8859-1,1,0,0,206
1674360740859,1417,/user_info_3,200,OK,Jmeter_HW_1 1-7,text,true,,369,244,35,35,http://162.55.220.72:5005/user_info_3,,1417,ISO-8859-1,1,0,0,1208
1674360741869,413,/get_method,200,OK,Jmeter_HW_1 1-30,text,true,,169,148,35,35,http://162.55.220.72:5005/get_method?name=Artem&age=27,,413,ISO-8859-1,1,0,0,204
1674360740919,1414,/user_info_2,200,OK,Jmeter_HW_1 1-13,text,true,,464,245,35,35,http://162.55.220.72:5005/user_info_2,,1414,ISO-8859-1,1,0,0,1205
1674360741935,409,/user_info_3,200,OK,Jmeter_HW_1 1-8,text,true,,369,244,35,35,http://162.55.220.72:5005/user_info_3,,409,ISO-8859-1,1,0,0,202
1674360741941,412,/object_info_1,200,OK,Jmeter_HW_1 1-3,text,true,,231,161,36,36,http://162.55.220.72:5005/object_info_1?name=Anton&age=24&weight=99,,412,ISO-8859-1,1,0,0,203
1674360741949,413,/get_method,200,OK,Jmeter_HW_1 1-31,text,true,,169,148,36,36,http://162.55.220.72:5005/get_method?name=Artem&age=27,,413,ISO-8859-1,1,0,0,204
1674360741963,409,/user_info_2,200,OK,Jmeter_HW_1 1-26,text,true,,464,245,36,36,http://162.55.220.72:5005/user_info_2,,409,ISO-8859-1,1,0,0,202
1674360742012,412,/user_info_3,200,OK,Jmeter_HW_1 1-9,text,true,,369,244,36,36,http://162.55.220.72:5005/user_info_3,,412,ISO-8859-1,1,0,0,205
1674360742025,408,/object_info_1,200,OK,Jmeter_HW_1 1-4,text,true,,231,161,37,37,http://162.55.220.72:5005/object_info_1?name=Anton&age=24&weight=99,,408,ISO-8859-1,1,0,0,203
1674360742030,406,/get_method,200,OK,Jmeter_HW_1 1-32,text,true,,169,148,37,37,http://162.55.220.72:5005/get_method?name=Artem&age=27,,406,ISO-8859-1,1,0,0,202
1674360741043,1415,/user_info_2,200,OK,Jmeter_HW_1 1-2,text,true,,464,245,37,37,http://162.55.220.72:5005/user_info_2,,1415,ISO-8859-1,1,0,0,1208
1674360741067,1410,/get_method,200,OK,Jmeter_HW_1 1-20,text,true,,169,148,37,37,http://162.55.220.72:5005/get_method?name=Artem&age=27,,1410,ISO-8859-1,1,0,0,1203
1674360741078,1415,/user_info_2,200,OK,Jmeter_HW_1 1-15,text,true,,464,245,37,37,http://162.55.220.72:5005/user_info_2,,1415,ISO-8859-1,1,0,0,1205
1674360742079,415,/object_info_2,200,OK,Jmeter_HW_1 1-12,text,true,,476,163,37,37,http://162.55.220.72:5005/object_info_2?name=Vasya&age=30&salary=1500,,415,ISO-8859-1,1,0,0,205
1674360742109,412,/get_method,200,OK,Jmeter_HW_1 1-33,text,true,,169,148,38,38,http://162.55.220.72:5005/get_method?name=Artem&age=27,,412,ISO-8859-1,1,0,0,205
1674360742119,413,/user_info_2,200,OK,Jmeter_HW_1 1-28,text,true,,464,245,38,38,http://162.55.220.72:5005/user_info_2,,413,ISO-8859-1,1,0,0,205
1674360742136,409,/user_info_3,200,OK,Jmeter_HW_1 1-23,text,true,,369,244,38,38,http://162.55.220.72:5005/user_info_3,,408,ISO-8859-1,1,0,0,204
1674360741182,1411,/object_info_1,200,OK,Jmeter_HW_1 1-6,text,true,,231,161,39,39,http://162.55.220.72:5005/object_info_1?name=Anton&age=24&weight=99,,1411,ISO-8859-1,1,0,0,1203
1674360742204,414,/user_info_2,200,OK,Jmeter_HW_1 1-29,text,true,,464,245,39,39,http://162.55.220.72:5005/user_info_2,,414,ISO-8859-1,1,0,0,205
1674360741231,1412,/get_method,200,OK,Jmeter_HW_1 1-22,text,true,,169,148,39,39,http://162.55.220.72:5005/get_method?name=Artem&age=27,,1412,ISO-8859-1,1,0,0,1206
1674360742277,414,/object_info_1,200,OK,Jmeter_HW_1 1-7,text,true,,231,161,40,40,http://162.55.220.72:5005/object_info_1?name=Anton&age=24&weight=99,,413,ISO-8859-1,1,0,0,205
1674360742282,413,/user_info_2,200,OK,Jmeter_HW_1 1-30,text,true,,464,245,40,40,http://162.55.220.72:5005/user_info_2,,413,ISO-8859-1,1,0,0,206
1674360742349,412,/get_method,200,OK,Jmeter_HW_1 1-36,text,true,,169,148,41,41,http://162.55.220.72:5005/get_method?name=Artem&age=27,,412,ISO-8859-1,1,0,0,202
1674360742344,417,/object_info_1,200,OK,Jmeter_HW_1 1-8,text,true,,231,161,41,41,http://162.55.220.72:5005/object_info_1?name=Anton&age=24&weight=99,,416,ISO-8859-1,1,0,0,205
1674360742353,411,/object_info_2,200,OK,Jmeter_HW_1 1-3,text,true,,476,163,41,41,http://162.55.220.72:5005/object_info_2?name=Vasya&age=30&salary=1500,,411,ISO-8859-1,1,0,0,204
1674360742362,407,/user_info_2,200,OK,Jmeter_HW_1 1-31,text,true,,464,245,41,41,http://162.55.220.72:5005/user_info_2,,407,ISO-8859-1,1,0,0,202
1674360742372,411,/user_info_3,200,OK,Jmeter_HW_1 1-26,text,true,,369,244,41,41,http://162.55.220.72:5005/user_info_3,,411,ISO-8859-1,1,0,0,204
1674360741386,1417,/get_method,200,OK,Jmeter_HW_1 1-24,text,true,,169,148,41,41,http://162.55.220.72:5005/get_method?name=Artem&age=27,,1417,ISO-8859-1,1,0,0,1207
1674360741399,1410,/user_info_2,200,OK,Jmeter_HW_1 1-19,text,true,,464,245,41,41,http://162.55.220.72:5005/user_info_2,,1410,ISO-8859-1,1,0,0,1204
1674360742425,413,/object_info_1,200,OK,Jmeter_HW_1 1-9,text,true,,231,161,42,42,http://162.55.220.72:5005/object_info_1?name=Anton&age=24&weight=99,,413,ISO-8859-1,1,0,0,205
1674360742433,418,/object_info_2,200,OK,Jmeter_HW_1 1-4,text,true,,476,163,42,42,http://162.55.220.72:5005/object_info_2?name=Vasya&age=30&salary=1500,,418,ISO-8859-1,1,0,0,207
1674360742437,416,/user_info_2,200,OK,Jmeter_HW_1 1-32,text,true,,464,245,42,42,http://162.55.220.72:5005/user_info_2,,416,ISO-8859-1,1,0,0,204
1674360742458,413,/user_info_3,200,OK,Jmeter_HW_1 1-2,text,true,,369,244,42,42,http://162.55.220.72:5005/user_info_3,,413,ISO-8859-1,1,0,0,204
1674360741470,1414,/get_method,200,OK,Jmeter_HW_1 1-25,text,true,,169,148,42,42,http://162.55.220.72:5005/get_method?name=Artem&age=27,,1414,ISO-8859-1,1,0,0,1205
1674360742477,413,/user_info_2,200,OK,Jmeter_HW_1 1-20,text,true,,464,245,42,42,http://162.55.220.72:5005/user_info_2,,413,ISO-8859-1,1,0,0,205
1674360742494,413,/object_info_3,200,OK,Jmeter_HW_1 1-12,text,true,,525,162,43,43,http://162.55.220.72:5005/object_info_3?name=Lary&age=40&salary=4500,,413,ISO-8859-1,1,0,0,204
1674360742494,414,/user_info_3,200,OK,Jmeter_HW_1 1-15,text,true,,369,244,43,43,http://162.55.220.72:5005/user_info_3,,414,ISO-8859-1,1,0,0,204
1674360742521,413,/user_info_2,200,OK,Jmeter_HW_1 1-33,text,true,,464,245,43,43,http://162.55.220.72:5005/user_info_2,,413,ISO-8859-1,1,0,0,205
1674360742532,411,/user_info_3,200,OK,Jmeter_HW_1 1-28,text,true,,369,244,43,43,http://162.55.220.72:5005/user_info_3,,411,ISO-8859-1,1,0,0,204
1674360742545,411,/object_info_1,200,OK,Jmeter_HW_1 1-23,text,true,,231,161,43,43,http://162.55.220.72:5005/object_info_1?name=Anton&age=24&weight=99,,411,ISO-8859-1,1,0,0,204
1674360742593,408,/object_info_2,200,OK,Jmeter_HW_1 1-6,text,true,,476,163,44,44,http://162.55.220.72:5005/object_info_2?name=Vasya&age=30&salary=1500,,408,ISO-8859-1,1,0,0,203
1674360742590,413,/get_method,200,OK,Jmeter_HW_1 1-39,text,true,,169,148,44,44,http://162.55.220.72:5005/get_method?name=Artem&age=27,,413,ISO-8859-1,1,0,0,203
1674360742619,410,/user_info_3,200,OK,Jmeter_HW_1 1-29,text,true,,369,244,44,44,http://162.55.220.72:5005/user_info_3,,410,ISO-8859-1,1,0,0,204
1674360741629,1413,/get_method,200,OK,Jmeter_HW_1 1-27,text,true,,169,148,44,44,http://162.55.220.72:5005/get_method?name=Artem&age=27,,1413,ISO-8859-1,1,0,0,1205
1674360742665,414,/get_method,200,OK,Jmeter_HW_1 1-40,text,true,,169,148,45,45,http://162.55.220.72:5005/get_method?name=Artem&age=27,,414,ISO-8859-1,1,0,0,205
1674360741688,1409,/user_info_3,200,OK,Jmeter_HW_1 1-5,text,true,,369,244,45,45,http://162.55.220.72:5005/user_info_3,,1409,ISO-8859-1,1,0,0,1203
1674360742691,413,/object_info_2,200,OK,Jmeter_HW_1 1-7,text,true,,476,163,45,45,http://162.55.220.72:5005/object_info_2?name=Vasya&age=30&salary=1500,,413,ISO-8859-1,1,0,0,204
1674360742695,413,/user_info_3,200,OK,Jmeter_HW_1 1-30,text,true,,369,244,45,45,http://162.55.220.72:5005/user_info_3,,413,ISO-8859-1,1,0,0,202
1674360742748,413,/get_method,200,OK,Jmeter_HW_1 1-41,text,true,,169,148,46,46,http://162.55.220.72:5005/get_method?name=Artem&age=27,,413,ISO-8859-1,1,0,0,205
1674360742761,416,/user_info_2,200,OK,Jmeter_HW_1 1-36,text,true,,464,245,46,46,http://162.55.220.72:5005/user_info_2,,415,ISO-8859-1,1,0,0,205
1674360742764,416,/object_info_3,200,OK,Jmeter_HW_1 1-3,text,true,,525,162,46,46,http://162.55.220.72:5005/object_info_3?name=Lary&age=40&salary=4500,,416,ISO-8859-1,1,0,0,205
1674360742783,413,/object_info_1,200,OK,Jmeter_HW_1 1-26,text,true,,231,161,46,46,http://162.55.220.72:5005/object_info_1?name=Anton&age=24&weight=99,,413,ISO-8859-1,1,0,0,204
1674360741779,1417,/object_info_1,200,OK,Jmeter_HW_1 1-1,text,true,,231,161,46,46,http://162.55.220.72:5005/object_info_1?name=Anton&age=24&weight=99,,1417,ISO-8859-1,1,0,0,1205
1674360742803,406,/user_info_2,200,OK,Jmeter_HW_1 1-24,text,true,,464,245,46,46,http://162.55.220.72:5005/user_info_2,,406,ISO-8859-1,1,0,0,201
1674360742809,411,/user_info_3,200,OK,Jmeter_HW_1 1-19,text,true,,369,244,46,46,http://162.55.220.72:5005/user_info_3,,411,ISO-8859-1,1,0,0,203
1674360742829,410,/get_method,200,OK,Jmeter_HW_1 1-42,text,true,,169,148,47,47,http://162.55.220.72:5005/get_method?name=Artem&age=27,,410,ISO-8859-1,1,0,0,204
1674360742851,411,/object_info_3,200,OK,Jmeter_HW_1 1-4,text,true,,525,162,47,47,http://162.55.220.72:5005/object_info_3?name=Lary&age=40&salary=4500,,411,ISO-8859-1,1,0,0,204
1674360742907,413,/object_info_4,200,OK,Jmeter_HW_1 1-12,text,true,,237,163,48,48,http://162.55.220.72:5005/object_info_4?name=Gadyn&age=35&salary=2000,,413,ISO-8859-1,1,0,0,205
1674360742908,417,/object_info_1,200,OK,Jmeter_HW_1 1-15,text,true,,231,161,47,47,http://162.55.220.72:5005/object_info_1?name=Anton&age=24&weight=99,,417,ISO-8859-1,1,0,0,205
1674360742905,420,/get_method,200,OK,Jmeter_HW_1 1-43,text,true,,169,148,47,47,http://162.55.220.72:5005/get_method?name=Artem&age=27,,420,ISO-8859-1,1,0,0,206
1674360742943,413,/object_info_1,200,OK,Jmeter_HW_1 1-28,text,true,,231,161,47,47,http://162.55.220.72:5005/object_info_1?name=Anton&age=24&weight=99,,413,ISO-8859-1,1,0,0,205
1674360742957,410,/object_info_2,200,OK,Jmeter_HW_1 1-23,text,true,,476,163,47,47,http://162.55.220.72:5005/object_info_2?name=Vasya&age=30&salary=1500,,410,ISO-8859-1,1,0,0,203
1674360741967,1408,/user_info_3,200,OK,Jmeter_HW_1 1-21,text,true,,369,244,47,47,http://162.55.220.72:5005/user_info_3,,1407,ISO-8859-1,1,0,0,1203
1674360741987,1412,/object_info_1,200,OK,Jmeter_HW_1 1-16,text,true,,231,161,48,48,http://162.55.220.72:5005/object_info_1?name=Anton&age=24&weight=99,,1411,ISO-8859-1,1,0,0,1204
1674360740999,2411,/user_info_2,200,OK,Jmeter_HW_1 1-14,text,true,,464,245,48,48,http://162.55.220.72:5005/user_info_2,,2411,ISO-8859-1,1,0,0,2204
1674360743003,411,/user_info_2,200,OK,Jmeter_HW_1 1-39,text,true,,464,245,48,48,http://162.55.220.72:5005/user_info_2,,411,ISO-8859-1,1,0,0,203
1674360743030,410,/object_info_1,200,OK,Jmeter_HW_1 1-29,text,true,,231,161,48,48,http://162.55.220.72:5005/object_info_1?name=Anton&age=24&weight=99,,410,ISO-8859-1,1,0,0,203
1674360743079,414,/user_info_2,200,OK,Jmeter_HW_1 1-40,text,true,,464,245,49,49,http://162.55.220.72:5005/user_info_2,,414,ISO-8859-1,1,0,0,205
1674360743098,406,/object_info_1,200,OK,Jmeter_HW_1 1-5,text,true,,231,161,49,49,http://162.55.220.72:5005/object_info_1?name=Anton&age=24&weight=99,,405,ISO-8859-1,1,0,0,201
1674360743104,414,/object_info_3,200,OK,Jmeter_HW_1 1-7,text,true,,525,162,49,49,http://162.55.220.72:5005/object_info_3?name=Lary&age=40&salary=4500,,414,ISO-8859-1,1,0,0,205
1674360743108,413,/object_info_1,200,OK,Jmeter_HW_1 1-30,text,true,,231,161,49,49,http://162.55.220.72:5005/object_info_1?name=Anton&age=24&weight=99,,413,ISO-8859-1,1,0,0,205
1674360743145,414,/get_method,200,OK,Jmeter_HW_1 1-46,text,true,,169,148,49,49,http://162.55.220.72:5005/get_method?name=Artem&age=27,,413,ISO-8859-1,1,0,0,204
1674360742150,1414,/object_info_1,200,OK,Jmeter_HW_1 1-18,text,true,,231,161,49,49,http://162.55.220.72:5005/object_info_1?name=Anton&age=24&weight=99,,1414,ISO-8859-1,1,0,0,1207
1674360743161,408,/user_info_2,200,OK,Jmeter_HW_1 1-41,text,true,,464,245,49,49,http://162.55.220.72:5005/user_info_2,,408,ISO-8859-1,1,0,0,203
1674360743180,408,/object_info_4,200,OK,Jmeter_HW_1 1-3,text,true,,237,163,49,49,http://162.55.220.72:5005/object_info_4?name=Gadyn&age=35&salary=2000,,408,ISO-8859-1,1,0,0,202
1674360742189,1409,/get_method,200,OK,Jmeter_HW_1 1-34,text,true,,169,148,48,48,http://162.55.220.72:5005/get_method?name=Artem&age=27,,1409,ISO-8859-1,1,0,0,1204
1674360743196,411,/object_info_2,200,OK,Jmeter_HW_1 1-1,text,true,,476,163,48,48,http://162.55.220.72:5005/object_info_2?name=Vasya&age=30&salary=1500,,411,ISO-8859-1,1,0,0,204
1674360743209,408,/user_info_3,200,OK,Jmeter_HW_1 1-24,text,true,,369,244,48,48,http://162.55.220.72:5005/user_info_3,,408,ISO-8859-1,1,0,0,202
1674360743220,411,/object_info_1,200,OK,Jmeter_HW_1 1-19,text,true,,231,161,48,48,http://162.55.220.72:5005/object_info_1?name=Anton&age=24&weight=99,,411,ISO-8859-1,1,0,0,205
1674360743225,412,/get_method,200,OK,Jmeter_HW_1 1-47,text,true,,169,148,48,48,http://162.55.220.72:5005/get_method?name=Artem&age=27,,412,ISO-8859-1,1,0,0,205
1674360743239,412,/user_info_2,200,OK,Jmeter_HW_1 1-42,text,true,,464,245,48,48,http://162.55.220.72:5005/user_info_2,,412,ISO-8859-1,1,0,0,205
1674360741240,2415,/user_info_2,200,OK,Jmeter_HW_1 1-17,text,true,,464,245,48,48,http://162.55.220.72:5005/user_info_2,,2415,ISO-8859-1,1,0,0,2208
1674360743262,408,/object_info_4,200,OK,Jmeter_HW_1 1-4,text,true,,237,163,48,48,http://162.55.220.72:5005/object_info_4?name=Gadyn&age=35&salary=2000,,408,ISO-8859-1,1,0,0,203
1674360742269,1414,/get_method,200,OK,Jmeter_HW_1 1-35,text,true,,169,148,47,47,http://162.55.220.72:5005/get_method?name=Artem&age=27,,1414,ISO-8859-1,1,0,0,1206
1674360743325,411,/user_info_2,200,OK,Jmeter_HW_1 1-43,text,true,,464,245,47,47,http://162.55.220.72:5005/user_info_2,,411,ISO-8859-1,1,0,0,204
1674360742333,1415,/user_info_3,200,OK,Jmeter_HW_1 1-13,text,true,,369,244,47,47,http://162.55.220.72:5005/user_info_3,,1415,ISO-8859-1,1,0,0,1207
1674360740349,3417,/get_method,200,OK,Jmeter_HW_1 1-11,text,true,,169,148,47,47,http://162.55.220.72:5005/get_method?name=Artem&age=27,,3417,ISO-8859-1,1,0,0,3209
1674360743373,411,/object_info_3,200,OK,Jmeter_HW_1 1-23,text,true,,525,162,47,47,http://162.55.220.72:5005/object_info_3?name=Lary&age=40&salary=4500,,411,ISO-8859-1,1,0,0,202
1674360743375,409,/object_info_1,200,OK,Jmeter_HW_1 1-21,text,true,,231,161,47,47,http://162.55.220.72:5005/object_info_1?name=Anton&age=24&weight=99,,409,ISO-8859-1,1,0,0,203
1674360743410,414,/user_info_3,200,OK,Jmeter_HW_1 1-14,text,true,,369,244,47,47,http://162.55.220.72:5005/user_info_3,,414,ISO-8859-1,1,0,0,205
1674360742427,1412,/get_method,200,OK,Jmeter_HW_1 1-37,text,true,,169,148,47,47,http://162.55.220.72:5005/get_method?name=Artem&age=27,,1412,ISO-8859-1,1,0,0,1205
1674360743440,411,/object_info_2,200,OK,Jmeter_HW_1 1-29,text,true,,476,163,47,47,http://162.55.220.72:5005/object_info_2?name=Vasya&age=30&salary=1500,,410,ISO-8859-1,1,0,0,204
1674360743493,416,/user_info_3,200,OK,Jmeter_HW_1 1-40,text,true,,369,244,47,47,http://162.55.220.72:5005/user_info_3,,415,ISO-8859-1,1,0,0,206
1674360743518,415,/object_info_4,200,OK,Jmeter_HW_1 1-7,text,true,,237,163,47,47,http://162.55.220.72:5005/object_info_4?name=Gadyn&age=35&salary=2000,,415,ISO-8859-1,1,0,0,205
1674360743522,413,/object_info_2,200,OK,Jmeter_HW_1 1-30,text,true,,476,163,46,46,http://162.55.220.72:5005/object_info_2?name=Vasya&age=30&salary=1500,,413,ISO-8859-1,1,0,0,205
1674360743564,414,/object_info_2,200,OK,Jmeter_HW_1 1-18,text,true,,476,163,46,46,http://162.55.220.72:5005/object_info_2?name=Vasya&age=30&salary=1500,,414,ISO-8859-1,1,0,0,206
1674360743569,414,/user_info_3,200,OK,Jmeter_HW_1 1-41,text,true,,369,244,46,46,http://162.55.220.72:5005/user_info_3,,414,ISO-8859-1,1,0,0,206
1674360743618,413,/object_info_1,200,OK,Jmeter_HW_1 1-24,text,true,,231,161,46,46,http://162.55.220.72:5005/object_info_1?name=Anton&age=24&weight=99,,413,ISO-8859-1,1,0,0,204
1674360743632,413,/object_info_2,200,OK,Jmeter_HW_1 1-19,text,true,,476,163,46,46,http://162.55.220.72:5005/object_info_2?name=Vasya&age=30&salary=1500,,413,ISO-8859-1,1,0,0,205
1674360743637,416,/user_info_2,200,OK,Jmeter_HW_1 1-47,text,true,,464,245,46,46,http://162.55.220.72:5005/user_info_2,,416,ISO-8859-1,1,0,0,204
1674360742643,1410,/user_info_2,200,OK,Jmeter_HW_1 1-22,text,true,,464,245,46,46,http://162.55.220.72:5005/user_info_2,,1410,ISO-8859-1,1,0,0,1204
1674360743655,409,/user_info_3,200,OK,Jmeter_HW_1 1-17,text,true,,369,244,46,46,http://162.55.220.72:5005/user_info_3,,409,ISO-8859-1,1,0,0,204
1674360743683,410,/user_info_2,200,OK,Jmeter_HW_1 1-35,text,true,,464,245,46,46,http://162.55.220.72:5005/user_info_2,,410,ISO-8859-1,1,0,0,202
1674360743736,414,/user_info_3,200,OK,Jmeter_HW_1 1-43,text,true,,369,244,46,46,http://162.55.220.72:5005/user_info_3,,414,ISO-8859-1,1,0,0,206
1674360743748,408,/object_info_1,200,OK,Jmeter_HW_1 1-13,text,true,,231,161,46,46,http://162.55.220.72:5005/object_info_1?name=Anton&age=24&weight=99,,408,ISO-8859-1,1,0,0,204
1674360743766,413,/user_info_2,200,OK,Jmeter_HW_1 1-11,text,true,,464,245,46,46,http://162.55.220.72:5005/user_info_2,,413,ISO-8859-1,1,0,0,204
1674360742761,1421,/object_info_2,200,OK,Jmeter_HW_1 1-8,text,true,,476,163,46,46,http://162.55.220.72:5005/object_info_2?name=Vasya&age=30&salary=1500,,1421,ISO-8859-1,1,0,0,1207
1674360742769,1415,/user_info_3,200,OK,Jmeter_HW_1 1-31,text,true,,369,244,46,46,http://162.55.220.72:5005/user_info_3,,1415,ISO-8859-1,1,0,0,1206
1674360743784,408,/object_info_2,200,OK,Jmeter_HW_1 1-21,text,true,,476,163,46,46,http://162.55.220.72:5005/object_info_2?name=Vasya&age=30&salary=1500,,408,ISO-8859-1,1,0,0,203
1674360743824,409,/object_info_1,200,OK,Jmeter_HW_1 1-14,text,true,,231,161,46,46,http://162.55.220.72:5005/object_info_1?name=Anton&age=24&weight=99,,409,ISO-8859-1,1,0,0,203
1674360742838,1412,/object_info_2,200,OK,Jmeter_HW_1 1-9,text,true,,476,163,46,46,http://162.55.220.72:5005/object_info_2?name=Vasya&age=30&salary=1500,,1412,ISO-8859-1,1,0,0,1206
1674360742853,1414,/user_info_3,200,OK,Jmeter_HW_1 1-32,text,true,,369,244,46,46,http://162.55.220.72:5005/user_info_3,,1414,ISO-8859-1,1,0,0,1205
1674360742871,1408,/object_info_1,200,OK,Jmeter_HW_1 1-2,text,true,,231,161,46,46,http://162.55.220.72:5005/object_info_1?name=Anton&age=24&weight=99,,1408,ISO-8859-1,1,0,0,1204
1674360742884,1414,/user_info_2,200,OK,Jmeter_HW_1 1-25,text,true,,464,245,46,46,http://162.55.220.72:5005/user_info_2,,1414,ISO-8859-1,1,0,0,1207
1674360742890,1412,/user_info_3,200,OK,Jmeter_HW_1 1-20,text,true,,369,244,46,46,http://162.55.220.72:5005/user_info_3,,1411,ISO-8859-1,1,0,0,1204
1674360743909,412,/object_info_1,200,OK,Jmeter_HW_1 1-40,text,true,,231,161,46,46,http://162.55.220.72:5005/object_info_1?name=Anton&age=24&weight=99,,412,ISO-8859-1,1,0,0,205
1674360741924,2417,/object_info_2,200,OK,Jmeter_HW_1 1-10,text,true,,476,163,46,46,http://162.55.220.72:5005/object_info_2?name=Vasya&age=30&salary=1500,,2417,ISO-8859-1,1,0,0,2208
1674360742934,1412,/user_info_3,200,OK,Jmeter_HW_1 1-33,text,true,,369,244,46,46,http://162.55.220.72:5005/user_info_3,,1412,ISO-8859-1,1,0,0,1205
1674360743979,414,/object_info_3,200,OK,Jmeter_HW_1 1-18,text,true,,525,162,46,46,http://162.55.220.72:5005/object_info_3?name=Lary&age=40&salary=4500,,414,ISO-8859-1,1,0,0,205
1674360743983,411,/object_info_1,200,OK,Jmeter_HW_1 1-41,text,true,,231,161,46,46,http://162.55.220.72:5005/object_info_1?name=Anton&age=24&weight=99,,411,ISO-8859-1,1,0,0,203
1674360743002,1407,/object_info_3,200,OK,Jmeter_HW_1 1-6,text,true,,525,162,46,46,http://162.55.220.72:5005/object_info_3?name=Lary&age=40&salary=4500,,1407,ISO-8859-1,1,0,0,1202
1674360744031,409,/object_info_2,200,OK,Jmeter_HW_1 1-24,text,true,,476,163,46,46,http://162.55.220.72:5005/object_info_2?name=Vasya&age=30&salary=1500,,409,ISO-8859-1,1,0,0,203
1674360744045,412,/object_info_3,200,OK,Jmeter_HW_1 1-19,text,true,,525,162,46,46,http://162.55.220.72:5005/object_info_3?name=Lary&age=40&salary=4500,,412,ISO-8859-1,1,0,0,204
1674360744053,406,/user_info_3,200,OK,Jmeter_HW_1 1-22,text,true,,369,244,46,46,http://162.55.220.72:5005/user_info_3,,406,ISO-8859-1,1,0,0,202
1674360744053,411,/user_info_3,200,OK,Jmeter_HW_1 1-47,text,true,,369,244,46,46,http://162.55.220.72:5005/user_info_3,,411,ISO-8859-1,1,0,0,204
1674360744064,406,/object_info_1,200,OK,Jmeter_HW_1 1-17,text,true,,231,161,46,46,http://162.55.220.72:5005/object_info_1?name=Anton&age=24&weight=99,,406,ISO-8859-1,1,0,0,202
1674360743068,1416,/get_method,200,OK,Jmeter_HW_1 1-45,text,true,,169,148,46,46,http://162.55.220.72:5005/get_method?name=Artem&age=27,,1416,ISO-8859-1,1,0,0,1207
1674360744093,412,/user_info_3,200,OK,Jmeter_HW_1 1-35,text,true,,369,244,46,46,http://162.55.220.72:5005/user_info_3,,412,ISO-8859-1,1,0,0,205
1674360744150,414,/object_info_1,200,OK,Jmeter_HW_1 1-43,text,true,,231,161,46,46,http://162.55.220.72:5005/object_info_1?name=Anton&age=24&weight=99,,414,ISO-8859-1,1,0,0,205
1674360744157,411,/object_info_2,200,OK,Jmeter_HW_1 1-13,text,true,,476,163,46,46,http://162.55.220.72:5005/object_info_2?name=Vasya&age=30&salary=1500,,411,ISO-8859-1,1,0,0,204
1674360743177,1413,/user_info_3,200,OK,Jmeter_HW_1 1-36,text,true,,369,244,46,46,http://162.55.220.72:5005/user_info_3,,1413,ISO-8859-1,1,0,0,1204
1674360744184,415,/object_info_1,200,OK,Jmeter_HW_1 1-31,text,true,,231,161,46,46,http://162.55.220.72:5005/object_info_1?name=Anton&age=24&weight=99,,415,ISO-8859-1,1,0,0,206
1674360743196,1408,/object_info_2,200,OK,Jmeter_HW_1 1-26,text,true,,476,163,46,46,http://162.55.220.72:5005/object_info_2?name=Vasya&age=30&salary=1500,,1408,ISO-8859-1,1,0,0,1203
1674360744233,413,/object_info_2,200,OK,Jmeter_HW_1 1-14,text,true,,476,163,46,46,http://162.55.220.72:5005/object_info_2?name=Vasya&age=30&salary=1500,,413,ISO-8859-1,1,0,0,204
1674360744279,408,/object_info_2,200,OK,Jmeter_HW_1 1-2,text,true,,476,163,46,46,http://162.55.220.72:5005/object_info_2?name=Vasya&age=30&salary=1500,,408,ISO-8859-1,1,0,0,203
1674360743308,1409,/get_method,200,OK,Jmeter_HW_1 1-48,text,true,,169,148,46,46,http://162.55.220.72:5005/get_method?name=Artem&age=27,,1408,ISO-8859-1,1,0,0,1203
1674360743325,1412,/object_info_2,200,OK,Jmeter_HW_1 1-15,text,true,,476,163,46,46,http://162.55.220.72:5005/object_info_2?name=Vasya&age=30&salary=1500,,1412,ISO-8859-1,1,0,0,1205
1674360744341,412,/object_info_3,200,OK,Jmeter_HW_1 1-10,text,true,,525,162,46,46,http://162.55.220.72:5005/object_info_3?name=Lary&age=40&salary=4500,,412,ISO-8859-1,1,0,0,205
1674360743357,1413,/object_info_2,200,OK,Jmeter_HW_1 1-28,text,true,,476,163,46,46,http://162.55.220.72:5005/object_info_2?name=Vasya&age=30&salary=1500,,1413,ISO-8859-1,1,0,0,1204
1674360744394,411,/object_info_4,200,OK,Jmeter_HW_1 1-18,text,true,,237,163,46,46,http://162.55.220.72:5005/object_info_4?name=Gadyn&age=35&salary=2000,,411,ISO-8859-1,1,0,0,204
1674360743399,1413,/object_info_2,200,OK,Jmeter_HW_1 1-16,text,true,,476,163,45,45,http://162.55.220.72:5005/object_info_2?name=Vasya&age=30&salary=1500,,1413,ISO-8859-1,1,0,0,1206
1674360743414,1412,/user_info_3,200,OK,Jmeter_HW_1 1-39,text,true,,369,244,45,45,http://162.55.220.72:5005/user_info_3,,1412,ISO-8859-1,1,0,0,1205
1674360744457,407,/object_info_4,200,OK,Jmeter_HW_1 1-19,text,true,,237,163,45,45,http://162.55.220.72:5005/object_info_4?name=Gadyn&age=35&salary=2000,,407,ISO-8859-1,1,0,0,202
1674360744464,408,/object_info_1,200,OK,Jmeter_HW_1 1-47,text,true,,231,161,44,44,http://162.55.220.72:5005/object_info_1?name=Anton&age=24&weight=99,,408,ISO-8859-1,1,0,0,203
1674360743464,1412,/get_method,200,OK,Jmeter_HW_1 1-50,text,true,,169,148,44,44,http://162.55.220.72:5005/get_method?name=Artem&age=27,,1412,ISO-8859-1,1,0,0,1205
1674360744470,409,/object_info_2,200,OK,Jmeter_HW_1 1-17,text,true,,476,163,44,44,http://162.55.220.72:5005/object_info_2?name=Vasya&age=30&salary=1500,,408,ISO-8859-1,1,0,0,203
1674360744484,408,/user_info_2,200,OK,Jmeter_HW_1 1-45,text,true,,464,245,44,44,http://162.55.220.72:5005/user_info_2,,408,ISO-8859-1,1,0,0,203
1674360743504,1411,/object_info_2,200,OK,Jmeter_HW_1 1-5,text,true,,476,163,44,44,http://162.55.220.72:5005/object_info_2?name=Vasya&age=30&salary=1500,,1411,ISO-8859-1,1,0,0,1204
1674360742506,2413,/get_method,200,OK,Jmeter_HW_1 1-38,text,true,,169,148,44,44,http://162.55.220.72:5005/get_method?name=Artem&age=27,,2413,ISO-8859-1,1,0,0,2205
1674360743559,1417,/user_info_2,200,OK,Jmeter_HW_1 1-46,text,true,,464,245,44,44,http://162.55.220.72:5005/user_info_2,,1417,ISO-8859-1,1,0,0,1207
1674360744564,415,/object_info_2,200,OK,Jmeter_HW_1 1-43,text,true,,476,163,44,44,http://162.55.220.72:5005/object_info_2?name=Vasya&age=30&salary=1500,,415,ISO-8859-1,1,0,0,205
1674360744568,414,/object_info_3,200,OK,Jmeter_HW_1 1-13,text,true,,525,162,44,44,http://162.55.220.72:5005/object_info_3?name=Lary&age=40&salary=4500,,414,ISO-8859-1,1,0,0,206
1674360744590,409,/object_info_1,200,OK,Jmeter_HW_1 1-36,text,true,,231,161,44,44,http://162.55.220.72:5005/object_info_1?name=Anton&age=24&weight=99,,409,ISO-8859-1,1,0,0,203
1674360743598,1412,/user_info_2,200,OK,Jmeter_HW_1 1-34,text,true,,464,245,44,44,http://162.55.220.72:5005/user_info_2,,1412,ISO-8859-1,1,0,0,1203
1674360744599,412,/object_info_2,200,OK,Jmeter_HW_1 1-31,text,true,,476,163,44,44,http://162.55.220.72:5005/object_info_2?name=Vasya&age=30&salary=1500,,411,ISO-8859-1,1,0,0,205
1674360744604,410,/object_info_3,200,OK,Jmeter_HW_1 1-26,text,true,,525,162,44,44,http://162.55.220.72:5005/object_info_3?name=Lary&age=40&salary=4500,,410,ISO-8859-1,1,0,0,205
1674360743607,1411,/object_info_3,200,OK,Jmeter_HW_1 1-1,text,true,,525,162,44,44,http://162.55.220.72:5005/object_info_3?name=Lary&age=40&salary=4500,,1411,ISO-8859-1,1,0,0,1204
1674360744647,411,/object_info_3,200,OK,Jmeter_HW_1 1-14,text,true,,525,162,44,44,http://162.55.220.72:5005/object_info_3?name=Lary&age=40&salary=4500,,411,ISO-8859-1,1,0,0,203
1674360744717,413,/user_info_2,200,OK,Jmeter_HW_1 1-48,text,true,,464,245,44,44,http://162.55.220.72:5005/user_info_2,,413,ISO-8859-1,1,0,0,205
1674360744737,408,/object_info_3,200,OK,Jmeter_HW_1 1-15,text,true,,525,162,44,44,http://162.55.220.72:5005/object_info_3?name=Lary&age=40&salary=4500,,408,ISO-8859-1,1,0,0,202
1674360744753,413,/object_info_4,200,OK,Jmeter_HW_1 1-10,text,true,,237,163,44,44,http://162.55.220.72:5005/object_info_4?name=Gadyn&age=35&salary=2000,,412,ISO-8859-1,1,0,0,205
1674360743784,1412,/object_info_4,200,OK,Jmeter_HW_1 1-23,text,true,,237,163,43,43,http://162.55.220.72:5005/object_info_4?name=Gadyn&age=35&salary=2000,,1411,ISO-8859-1,1,0,0,1205
1674360744812,411,/object_info_3,200,OK,Jmeter_HW_1 1-16,text,true,,525,162,42,42,http://162.55.220.72:5005/object_info_3?name=Lary&age=40&salary=4500,,411,ISO-8859-1,1,0,0,204
1674360743839,1413,/user_info_2,200,OK,Jmeter_HW_1 1-37,text,true,,464,245,42,42,http://162.55.220.72:5005/user_info_2,,1413,ISO-8859-1,1,0,0,1206
1674360743851,1409,/object_info_3,200,OK,Jmeter_HW_1 1-29,text,true,,525,162,42,42,http://162.55.220.72:5005/object_info_3?name=Lary&age=40&salary=4500,,1409,ISO-8859-1,1,0,0,1204
1674360744872,406,/object_info_2,200,OK,Jmeter_HW_1 1-47,text,true,,476,163,42,42,http://162.55.220.72:5005/object_info_2?name=Vasya&age=30&salary=1500,,406,ISO-8859-1,1,0,0,202
1674360744876,407,/user_info_2,200,OK,Jmeter_HW_1 1-50,text,true,,464,245,42,42,http://162.55.220.72:5005/user_info_2,,407,ISO-8859-1,1,0,0,203
1674360744915,411,/object_info_3,200,OK,Jmeter_HW_1 1-5,text,true,,525,162,42,42,http://162.55.220.72:5005/object_info_3?name=Lary&age=40&salary=4500,,411,ISO-8859-1,1,0,0,205
1674360743935,1413,/object_info_3,200,OK,Jmeter_HW_1 1-30,text,true,,525,162,42,42,http://162.55.220.72:5005/object_info_3?name=Lary&age=40&salary=4500,,1413,ISO-8859-1,1,0,0,1206
1674360744982,413,/object_info_4,200,OK,Jmeter_HW_1 1-13,text,true,,237,163,42,42,http://162.55.220.72:5005/object_info_4?name=Gadyn&age=35&salary=2000,,413,ISO-8859-1,1,0,0,206
1674360744979,413,/object_info_3,200,OK,Jmeter_HW_1 1-43,text,true,,525,162,42,42,http://162.55.220.72:5005/object_info_3?name=Lary&age=40&salary=4500,,413,ISO-8859-1,1,0,0,204
1674360744977,415,/user_info_3,200,OK,Jmeter_HW_1 1-46,text,true,,369,244,42,42,http://162.55.220.72:5005/user_info_3,,415,ISO-8859-1,1,0,0,204
1674360742985,2412,/get_method,200,OK,Jmeter_HW_1 1-44,text,true,,169,148,41,41,http://162.55.220.72:5005/get_method?name=Artem&age=27,,2412,ISO-8859-1,1,0,0,2206
1674360744999,410,/object_info_2,200,OK,Jmeter_HW_1 1-36,text,true,,476,163,41,41,http://162.55.220.72:5005/object_info_2?name=Vasya&age=30&salary=1500,,410,ISO-8859-1,1,0,0,204
1674360745010,412,/user_info_3,200,OK,Jmeter_HW_1 1-34,text,true,,369,244,41,41,http://162.55.220.72:5005/user_info_3,,412,ISO-8859-1,1,0,0,205
1674360745014,412,/object_info_4,200,OK,Jmeter_HW_1 1-26,text,true,,237,163,41,41,http://162.55.220.72:5005/object_info_4?name=Gadyn&age=35&salary=2000,,412,ISO-8859-1,1,0,0,203
1674360745011,416,/object_info_3,200,OK,Jmeter_HW_1 1-31,text,true,,525,162,40,40,http://162.55.220.72:5005/object_info_3?name=Lary&age=40&salary=4500,,416,ISO-8859-1,1,0,0,205
1674360743042,2412,/user_info_2,200,OK,Jmeter_HW_1 1-27,text,true,,464,245,40,40,http://162.55.220.72:5005/user_info_2,,2412,ISO-8859-1,1,0,0,2205
1674360745130,410,/user_info_3,200,OK,Jmeter_HW_1 1-48,text,true,,369,244,40,40,http://162.55.220.72:5005/user_info_3,,410,ISO-8859-1,1,0,0,203
1674360745145,408,/object_info_4,200,OK,Jmeter_HW_1 1-15,text,true,,237,163,40,40,http://162.55.220.72:5005/object_info_4?name=Gadyn&age=35&salary=2000,,408,ISO-8859-1,1,0,0,203
1674360744180,1412,/user_info_3,200,OK,Jmeter_HW_1 1-11,text,true,,369,244,39,39,http://162.55.220.72:5005/user_info_3,,1412,ISO-8859-1,1,0,0,1204
1674360744182,1412,/object_info_3,200,OK,Jmeter_HW_1 1-8,text,true,,525,162,39,39,http://162.55.220.72:5005/object_info_3?name=Lary&age=40&salary=4500,,1412,ISO-8859-1,1,0,0,1205
1674360745223,415,/object_info_4,200,OK,Jmeter_HW_1 1-16,text,true,,237,163,39,39,http://162.55.220.72:5005/object_info_4?name=Gadyn&age=35&salary=2000,,415,ISO-8859-1,1,0,0,206
1674360745252,408,/user_info_3,200,OK,Jmeter_HW_1 1-37,text,true,,369,244,38,38,http://162.55.220.72:5005/user_info_3,,408,ISO-8859-1,1,0,0,203
1674360744250,1415,/object_info_3,200,OK,Jmeter_HW_1 1-9,text,true,,525,162,38,38,http://162.55.220.72:5005/object_info_3?name=Lary&age=40&salary=4500,,1415,ISO-8859-1,1,0,0,1206
1674360745260,410,/object_info_4,200,OK,Jmeter_HW_1 1-29,text,true,,237,163,38,38,http://162.55.220.72:5005/object_info_4?name=Gadyn&age=35&salary=2000,,409,ISO-8859-1,1,0,0,203
1674360744267,1414,/object_info_1,200,OK,Jmeter_HW_1 1-32,text,true,,231,161,37,37,http://162.55.220.72:5005/object_info_1?name=Anton&age=24&weight=99,,1414,ISO-8859-1,1,0,0,1206
1674360745278,415,/object_info_3,200,OK,Jmeter_HW_1 1-47,text,true,,525,162,37,37,http://162.55.220.72:5005/object_info_3?name=Lary&age=40&salary=4500,,415,ISO-8859-1,1,0,0,207
1674360744302,1410,/object_info_1,200,OK,Jmeter_HW_1 1-20,text,true,,231,161,37,37,http://162.55.220.72:5005/object_info_1?name=Anton&age=24&weight=99,,1410,ISO-8859-1,1,0,0,1203
1674360744321,1409,/object_info_2,200,OK,Jmeter_HW_1 1-40,text,true,,476,163,37,37,http://162.55.220.72:5005/object_info_2?name=Vasya&age=30&salary=1500,,1409,ISO-8859-1,1,0,0,1203
1674360744347,1408,/object_info_1,200,OK,Jmeter_HW_1 1-33,text,true,,231,161,37,37,http://162.55.220.72:5005/object_info_1?name=Anton&age=24&weight=99,,1408,ISO-8859-1,1,0,0,1203
1674360745348,413,/object_info_4,200,OK,Jmeter_HW_1 1-30,text,true,,237,163,37,37,http://162.55.220.72:5005/object_info_4?name=Gadyn&age=35&salary=2000,,413,ISO-8859-1,1,0,0,205
1674360743385,2413,/get_method,200,OK,Jmeter_HW_1 1-49,text,true,,169,148,36,36,http://162.55.220.72:5005/get_method?name=Artem&age=27,,2413,ISO-8859-1,1,0,0,2205
1674360744394,1412,/object_info_2,200,OK,Jmeter_HW_1 1-41,text,true,,476,163,36,36,http://162.55.220.72:5005/object_info_2?name=Vasya&age=30&salary=1500,,1412,ISO-8859-1,1,0,0,1204
1674360745396,411,/object_info_1,200,OK,Jmeter_HW_1 1-46,text,true,,231,161,36,36,http://162.55.220.72:5005/object_info_1?name=Anton&age=24&weight=99,,411,ISO-8859-1,1,0,0,205
1674360745409,415,/object_info_3,200,OK,Jmeter_HW_1 1-36,text,true,,525,162,36,36,http://162.55.220.72:5005/object_info_3?name=Lary&age=40&salary=4500,,414,ISO-8859-1,1,0,0,205
1674360744409,1415,/object_info_4,200,OK,Jmeter_HW_1 1-6,text,true,,237,163,36,36,http://162.55.220.72:5005/object_info_4?name=Gadyn&age=35&salary=2000,,1415,ISO-8859-1,1,0,0,1206
1674360745422,413,/object_info_1,200,OK,Jmeter_HW_1 1-34,text,true,,231,161,35,35,http://162.55.220.72:5005/object_info_1?name=Anton&age=24&weight=99,,413,ISO-8859-1,1,0,0,205
1674360745454,413,/user_info_3,200,OK,Jmeter_HW_1 1-27,text,true,,369,244,35,35,http://162.55.220.72:5005/user_info_3,,413,ISO-8859-1,1,0,0,205
1674360744459,1412,/object_info_1,200,OK,Jmeter_HW_1 1-22,text,true,,231,161,35,35,http://162.55.220.72:5005/object_info_1?name=Anton&age=24&weight=99,,1412,ISO-8859-1,1,0,0,1205
1674360744506,1411,/object_info_1,200,OK,Jmeter_HW_1 1-35,text,true,,231,161,35,35,http://162.55.220.72:5005/object_info_1?name=Anton&age=24&weight=99,,1411,ISO-8859-1,1,0,0,1203
1674360745540,412,/object_info_1,200,OK,Jmeter_HW_1 1-48,text,true,,231,161,35,35,http://162.55.220.72:5005/object_info_1?name=Anton&age=24&weight=99,,412,ISO-8859-1,1,0,0,204
1674360743651,2414,/user_info_3,200,OK,Jmeter_HW_1 1-42,text,true,,369,244,35,35,http://162.55.220.72:5005/user_info_3,,2413,ISO-8859-1,1,0,0,2206
1674360745661,406,/object_info_1,200,OK,Jmeter_HW_1 1-37,text,true,,231,161,35,35,http://162.55.220.72:5005/object_info_1?name=Anton&age=24&weight=99,,406,ISO-8859-1,1,0,0,202
1674360744687,1409,/object_info_3,200,OK,Jmeter_HW_1 1-2,text,true,,525,162,35,35,http://162.55.220.72:5005/object_info_3?name=Lary&age=40&salary=4500,,1409,ISO-8859-1,1,0,0,1204
1674360745693,407,/object_info_4,200,OK,Jmeter_HW_1 1-47,text,true,,237,163,35,35,http://162.55.220.72:5005/object_info_4?name=Gadyn&age=35&salary=2000,,407,ISO-8859-1,1,0,0,203
1674360745730,409,/object_info_3,200,OK,Jmeter_HW_1 1-40,text,true,,525,162,34,34,http://162.55.220.72:5005/object_info_3?name=Lary&age=40&salary=4500,,409,ISO-8859-1,1,0,0,203
1674360745755,407,/object_info_2,200,OK,Jmeter_HW_1 1-33,text,true,,476,163,34,34,http://162.55.220.72:5005/object_info_2?name=Vasya&age=30&salary=1500,,407,ISO-8859-1,1,0,0,202
1674360744770,1415,/object_info_3,200,OK,Jmeter_HW_1 1-28,text,true,,525,162,34,34,http://162.55.220.72:5005/object_info_3?name=Lary&age=40&salary=4500,,1415,ISO-8859-1,1,0,0,1206
1674360745798,409,/user_info_2,200,OK,Jmeter_HW_1 1-49,text,true,,464,245,34,34,http://162.55.220.72:5005/user_info_2,,409,ISO-8859-1,1,0,0,204
1674360745806,410,/object_info_3,200,OK,Jmeter_HW_1 1-41,text,true,,525,162,34,34,http://162.55.220.72:5005/object_info_3?name=Lary&age=40&salary=4500,,410,ISO-8859-1,1,0,0,205
1674360745807,413,/object_info_2,200,OK,Jmeter_HW_1 1-46,text,true,,476,163,34,34,http://162.55.220.72:5005/object_info_2?name=Vasya&age=30&salary=1500,,413,ISO-8859-1,1,0,0,205
1674360744827,1410,/object_info_1,200,OK,Jmeter_HW_1 1-39,text,true,,231,161,34,34,http://162.55.220.72:5005/object_info_1?name=Anton&age=24&weight=99,,1410,ISO-8859-1,1,0,0,1204
1674360745835,412,/object_info_2,200,OK,Jmeter_HW_1 1-34,text,true,,476,163,34,34,http://162.55.220.72:5005/object_info_2?name=Vasya&age=30&salary=1500,,412,ISO-8859-1,1,0,0,205
1674360745867,411,/object_info_1,200,OK,Jmeter_HW_1 1-27,text,true,,231,161,34,34,http://162.55.220.72:5005/object_info_1?name=Anton&age=24&weight=99,,411,ISO-8859-1,1,0,0,204
1674360745871,412,/object_info_2,200,OK,Jmeter_HW_1 1-22,text,true,,476,163,34,34,http://162.55.220.72:5005/object_info_2?name=Vasya&age=30&salary=1500,,411,ISO-8859-1,1,0,0,205
1674360744892,1411,/user_info_3,200,OK,Jmeter_HW_1 1-45,text,true,,369,244,34,34,http://162.55.220.72:5005/user_info_3,,1411,ISO-8859-1,1,0,0,1205
1674360744919,1408,/user_info_2,200,OK,Jmeter_HW_1 1-38,text,true,,464,245,34,34,http://162.55.220.72:5005/user_info_2,,1408,ISO-8859-1,1,0,0,1202
1674360745952,408,/object_info_2,200,OK,Jmeter_HW_1 1-48,text,true,,476,163,34,34,http://162.55.220.72:5005/object_info_2?name=Vasya&age=30&salary=1500,,408,ISO-8859-1,1,0,0,203
1674360745018,1411,/object_info_4,200,OK,Jmeter_HW_1 1-1,text,true,,237,163,34,34,http://162.55.220.72:5005/object_info_4?name=Gadyn&age=35&salary=2000,,1411,ISO-8859-1,1,0,0,1203
1674360745058,1414,/object_info_4,200,OK,Jmeter_HW_1 1-14,text,true,,237,163,33,33,http://162.55.220.72:5005/object_info_4?name=Gadyn&age=35&salary=2000,,1414,ISO-8859-1,1,0,0,1205
1674360746065,411,/object_info_1,200,OK,Jmeter_HW_1 1-42,text,true,,231,161,32,32,http://162.55.220.72:5005/object_info_1?name=Anton&age=24&weight=99,,411,ISO-8859-1,1,0,0,204
1674360746067,413,/object_info_2,200,OK,Jmeter_HW_1 1-37,text,true,,476,163,32,32,http://162.55.220.72:5005/object_info_2?name=Vasya&age=30&salary=1500,,413,ISO-8859-1,1,0,0,203
1674360746096,411,/object_info_4,200,OK,Jmeter_HW_1 1-2,text,true,,237,163,32,32,http://162.55.220.72:5005/object_info_4?name=Gadyn&age=35&salary=2000,,411,ISO-8859-1,1,0,0,204
1674360746139,412,/object_info_4,200,OK,Jmeter_HW_1 1-40,text,true,,237,163,31,31,http://162.55.220.72:5005/object_info_4?name=Gadyn&age=35&salary=2000,,411,ISO-8859-1,1,0,0,204
1674360746162,409,/object_info_3,200,OK,Jmeter_HW_1 1-33,text,true,,525,162,30,30,http://162.55.220.72:5005/object_info_3?name=Lary&age=40&salary=4500,,409,ISO-8859-1,1,0,0,203
1674360746185,412,/object_info_4,200,OK,Jmeter_HW_1 1-28,text,true,,237,163,30,30,http://162.55.220.72:5005/object_info_4?name=Gadyn&age=35&salary=2000,,412,ISO-8859-1,1,0,0,205
1674360744192,2412,/object_info_3,200,OK,Jmeter_HW_1 1-21,text,true,,525,162,29,29,http://162.55.220.72:5005/object_info_3?name=Lary&age=40&salary=4500,,2412,ISO-8859-1,1,0,0,2204
1674360746220,413,/object_info_3,200,OK,Jmeter_HW_1 1-46,text,true,,525,162,29,29,http://162.55.220.72:5005/object_info_3?name=Lary&age=40&salary=4500,,413,ISO-8859-1,1,0,0,204
1674360746216,417,/object_info_4,200,OK,Jmeter_HW_1 1-41,text,true,,237,163,29,29,http://162.55.220.72:5005/object_info_4?name=Gadyn&age=35&salary=2000,,417,ISO-8859-1,1,0,0,206
1674360746237,412,/object_info_2,200,OK,Jmeter_HW_1 1-39,text,true,,476,163,28,28,http://162.55.220.72:5005/object_info_2?name=Vasya&age=30&salary=1500,,412,ISO-8859-1,1,0,0,205
1674360746247,406,/object_info_3,200,OK,Jmeter_HW_1 1-34,text,true,,525,162,28,28,http://162.55.220.72:5005/object_info_3?name=Lary&age=40&salary=4500,,406,ISO-8859-1,1,0,0,203
1674360746278,410,/object_info_2,200,OK,Jmeter_HW_1 1-27,text,true,,476,163,28,28,http://162.55.220.72:5005/object_info_2?name=Vasya&age=30&salary=1500,,410,ISO-8859-1,1,0,0,204
1674360745283,1412,/user_info_3,200,OK,Jmeter_HW_1 1-50,text,true,,369,244,28,28,http://162.55.220.72:5005/user_info_3,,1412,ISO-8859-1,1,0,0,1203
1674360746283,412,/object_info_3,200,OK,Jmeter_HW_1 1-22,text,true,,525,162,28,28,http://162.55.220.72:5005/object_info_3?name=Lary&age=40&salary=4500,,412,ISO-8859-1,1,0,0,203
1674360744298,2413,/user_info_3,200,OK,Jmeter_HW_1 1-25,text,true,,369,244,28,28,http://162.55.220.72:5005/user_info_3,,2413,ISO-8859-1,1,0,0,2205
1674360746304,411,/object_info_1,200,OK,Jmeter_HW_1 1-45,text,true,,231,161,28,28,http://162.55.220.72:5005/object_info_1?name=Anton&age=24&weight=99,,411,ISO-8859-1,1,0,0,204
1674360745327,1406,/object_info_4,200,OK,Jmeter_HW_1 1-5,text,true,,237,163,28,28,http://162.55.220.72:5005/object_info_4?name=Gadyn&age=35&salary=2000,,1406,ISO-8859-1,1,0,0,1201
1674360746360,410,/object_info_3,200,OK,Jmeter_HW_1 1-48,text,true,,525,162,27,27,http://162.55.220.72:5005/object_info_3?name=Lary&age=40&salary=4500,,410,ISO-8859-1,1,0,0,204
1674360745396,1407,/object_info_4,200,OK,Jmeter_HW_1 1-43,text,true,,237,163,27,27,http://162.55.220.72:5005/object_info_4?name=Gadyn&age=35&salary=2000,,1407,ISO-8859-1,1,0,0,1202
1674360745397,1414,/user_info_2,200,OK,Jmeter_HW_1 1-44,text,true,,464,245,26,26,http://162.55.220.72:5005/user_info_2,,1414,ISO-8859-1,1,0,0,1207
1674360745427,1412,/object_info_4,200,OK,Jmeter_HW_1 1-31,text,true,,237,163,26,26,http://162.55.220.72:5005/object_info_4?name=Gadyn&age=35&salary=2000,,1412,ISO-8859-1,1,0,0,1206
1674360744440,2413,/object_info_3,200,OK,Jmeter_HW_1 1-24,text,true,,525,162,25,25,http://162.55.220.72:5005/object_info_3?name=Lary&age=40&salary=4500,,2413,ISO-8859-1,1,0,0,2205
1674360746476,412,/object_info_2,200,OK,Jmeter_HW_1 1-42,text,true,,476,163,25,25,http://162.55.220.72:5005/object_info_2?name=Vasya&age=30&salary=1500,,412,ISO-8859-1,1,0,0,205
1674360746481,409,/object_info_3,200,OK,Jmeter_HW_1 1-37,text,true,,525,162,25,25,http://162.55.220.72:5005/object_info_3?name=Lary&age=40&salary=4500,,409,ISO-8859-1,1,0,0,204
1674360746571,413,/object_info_4,200,OK,Jmeter_HW_1 1-33,text,true,,237,163,25,25,http://162.55.220.72:5005/object_info_4?name=Gadyn&age=35&salary=2000,,413,ISO-8859-1,1,0,0,205
1674360745595,1413,/object_info_4,200,OK,Jmeter_HW_1 1-8,text,true,,237,163,24,24,http://162.55.220.72:5005/object_info_4?name=Gadyn&age=35&salary=2000,,1413,ISO-8859-1,1,0,0,1202
1674360745593,1416,/object_info_1,200,OK,Jmeter_HW_1 1-11,text,true,,231,161,23,23,http://162.55.220.72:5005/object_info_1?name=Anton&age=24&weight=99,,1416,ISO-8859-1,1,0,0,1206
1674360746604,410,/object_info_4,200,OK,Jmeter_HW_1 1-21,text,true,,237,163,23,23,http://162.55.220.72:5005/object_info_4?name=Gadyn&age=35&salary=2000,,410,ISO-8859-1,1,0,0,204
1674360746633,408,/object_info_4,200,OK,Jmeter_HW_1 1-46,text,true,,237,163,22,22,http://162.55.220.72:5005/object_info_4?name=Gadyn&age=35&salary=2000,,408,ISO-8859-1,1,0,0,202
1674360746649,410,/object_info_3,200,OK,Jmeter_HW_1 1-39,text,true,,525,162,21,21,http://162.55.220.72:5005/object_info_3?name=Lary&age=40&salary=4500,,410,ISO-8859-1,1,0,0,203
1674360746654,409,/object_info_4,200,OK,Jmeter_HW_1 1-34,text,true,,237,163,21,21,http://162.55.220.72:5005/object_info_4?name=Gadyn&age=35&salary=2000,,409,ISO-8859-1,1,0,0,203
1674360745666,1409,/object_info_4,200,OK,Jmeter_HW_1 1-9,text,true,,237,163,20,20,http://162.55.220.72:5005/object_info_4?name=Gadyn&age=35&salary=2000,,1409,ISO-8859-1,1,0,0,1204
1674360745682,1409,/object_info_2,200,OK,Jmeter_HW_1 1-32,text,true,,476,163,19,19,http://162.55.220.72:5005/object_info_2?name=Vasya&age=30&salary=1500,,1409,ISO-8859-1,1,0,0,1204
1674360746696,410,/object_info_4,200,OK,Jmeter_HW_1 1-22,text,true,,237,163,19,19,http://162.55.220.72:5005/object_info_4?name=Gadyn&age=35&salary=2000,,410,ISO-8859-1,1,0,0,204
1674360745713,1411,/object_info_2,200,OK,Jmeter_HW_1 1-20,text,true,,476,163,18,18,http://162.55.220.72:5005/object_info_2?name=Vasya&age=30&salary=1500,,1411,ISO-8859-1,1,0,0,1204
1674360746712,413,/object_info_1,200,OK,Jmeter_HW_1 1-25,text,true,,231,161,18,18,http://162.55.220.72:5005/object_info_1?name=Anton&age=24&weight=99,,413,ISO-8859-1,1,0,0,205
1674360746715,413,/object_info_2,200,OK,Jmeter_HW_1 1-45,text,true,,476,163,18,18,http://162.55.220.72:5005/object_info_2?name=Vasya&age=30&salary=1500,,413,ISO-8859-1,1,0,0,205
1674360746770,414,/object_info_4,200,OK,Jmeter_HW_1 1-48,text,true,,237,163,18,18,http://162.55.220.72:5005/object_info_4?name=Gadyn&age=35&salary=2000,,414,ISO-8859-1,1,0,0,206
1674360746811,414,/user_info_3,200,OK,Jmeter_HW_1 1-44,text,true,,369,244,17,17,http://162.55.220.72:5005/user_info_3,,414,ISO-8859-1,1,0,0,205
1674360745824,1415,/object_info_4,200,OK,Jmeter_HW_1 1-36,text,true,,237,163,17,17,http://162.55.220.72:5005/object_info_4?name=Gadyn&age=35&salary=2000,,1415,ISO-8859-1,1,0,0,1208
1674360746853,416,/object_info_4,200,OK,Jmeter_HW_1 1-24,text,true,,237,163,16,16,http://162.55.220.72:5005/object_info_4?name=Gadyn&age=35&salary=2000,,416,ISO-8859-1,1,0,0,206
1674360746888,410,/object_info_3,200,OK,Jmeter_HW_1 1-42,text,true,,525,162,15,15,http://162.55.220.72:5005/object_info_3?name=Lary&age=40&salary=4500,,410,ISO-8859-1,1,0,0,203
1674360744887,2413,/object_info_3,200,OK,Jmeter_HW_1 1-17,text,true,,525,162,15,15,http://162.55.220.72:5005/object_info_3?name=Lary&age=40&salary=4500,,2413,ISO-8859-1,1,0,0,2206
1674360746891,410,/object_info_4,200,OK,Jmeter_HW_1 1-37,text,true,,237,163,15,15,http://162.55.220.72:5005/object_info_4?name=Gadyn&age=35&salary=2000,,410,ISO-8859-1,1,0,0,204
1674360745917,1412,/object_info_2,200,OK,Jmeter_HW_1 1-35,text,true,,476,163,14,14,http://162.55.220.72:5005/object_info_2?name=Vasya&age=30&salary=1500,,1412,ISO-8859-1,1,0,0,1204
1674360747059,413,/object_info_4,200,OK,Jmeter_HW_1 1-39,text,true,,237,163,14,14,http://162.55.220.72:5005/object_info_4?name=Gadyn&age=35&salary=2000,,413,ISO-8859-1,1,0,0,205
1674360747124,409,/object_info_3,200,OK,Jmeter_HW_1 1-20,text,true,,525,162,13,13,http://162.55.220.72:5005/object_info_3?name=Lary&age=40&salary=4500,,409,ISO-8859-1,1,0,0,203
1674360747126,413,/object_info_2,200,OK,Jmeter_HW_1 1-25,text,true,,476,163,13,13,http://162.55.220.72:5005/object_info_2?name=Vasya&age=30&salary=1500,,413,ISO-8859-1,1,0,0,207
1674360747128,415,/object_info_3,200,OK,Jmeter_HW_1 1-45,text,true,,525,162,13,13,http://162.55.220.72:5005/object_info_3?name=Lary&age=40&salary=4500,,415,ISO-8859-1,1,0,0,206
1674360746207,1413,/user_info_3,200,OK,Jmeter_HW_1 1-49,text,true,,369,244,13,13,http://162.55.220.72:5005/user_info_3,,1413,ISO-8859-1,1,0,0,1205
1674360747225,416,/object_info_1,200,OK,Jmeter_HW_1 1-44,text,true,,231,161,13,13,http://162.55.220.72:5005/object_info_1?name=Anton&age=24&weight=99,,415,ISO-8859-1,1,0,0,207
1674360747298,408,/object_info_4,200,OK,Jmeter_HW_1 1-42,text,true,,237,163,13,13,http://162.55.220.72:5005/object_info_4?name=Gadyn&age=35&salary=2000,,408,ISO-8859-1,1,0,0,204
1674360747329,414,/object_info_3,200,OK,Jmeter_HW_1 1-35,text,true,,525,162,12,12,http://162.55.220.72:5005/object_info_3?name=Lary&age=40&salary=4500,,414,ISO-8859-1,1,0,0,205
1674360747533,419,/object_info_4,200,OK,Jmeter_HW_1 1-20,text,true,,237,163,12,12,http://162.55.220.72:5005/object_info_4?name=Gadyn&age=35&salary=2000,,419,ISO-8859-1,1,0,0,206
1674360747539,414,/object_info_3,200,OK,Jmeter_HW_1 1-25,text,true,,525,162,11,11,http://162.55.220.72:5005/object_info_3?name=Lary&age=40&salary=4500,,414,ISO-8859-1,1,0,0,205
1674360747641,415,/object_info_2,200,OK,Jmeter_HW_1 1-44,text,true,,476,163,11,11,http://162.55.220.72:5005/object_info_2?name=Vasya&age=30&salary=1500,,414,ISO-8859-1,1,0,0,205
1674360746688,1418,/object_info_3,200,OK,Jmeter_HW_1 1-27,text,true,,525,162,11,11,http://162.55.220.72:5005/object_info_3?name=Lary&age=40&salary=4500,,1418,ISO-8859-1,1,0,0,1207
1674360746696,1411,/object_info_1,200,OK,Jmeter_HW_1 1-50,text,true,,231,161,11,11,http://162.55.220.72:5005/object_info_1?name=Anton&age=24&weight=99,,1411,ISO-8859-1,1,0,0,1205
1674360747953,408,/object_info_4,200,OK,Jmeter_HW_1 1-25,text,true,,237,163,11,11,http://162.55.220.72:5005/object_info_4?name=Gadyn&age=35&salary=2000,,408,ISO-8859-1,1,0,0,203
1674360747009,1410,/object_info_2,200,OK,Jmeter_HW_1 1-11,text,true,,476,163,10,10,http://162.55.220.72:5005/object_info_2?name=Vasya&age=30&salary=1500,,1410,ISO-8859-1,1,0,0,1205
1674360747091,1409,/object_info_3,200,OK,Jmeter_HW_1 1-32,text,true,,525,162,10,10,http://162.55.220.72:5005/object_info_3?name=Lary&age=40&salary=4500,,1409,ISO-8859-1,1,0,0,1204
1674360748106,416,/object_info_4,200,OK,Jmeter_HW_1 1-27,text,true,,237,163,10,10,http://162.55.220.72:5005/object_info_4?name=Gadyn&age=35&salary=2000,,416,ISO-8859-1,1,0,0,205
1674360748107,416,/object_info_2,200,OK,Jmeter_HW_1 1-50,text,true,,476,163,9,9,http://162.55.220.72:5005/object_info_2?name=Vasya&age=30&salary=1500,,416,ISO-8859-1,1,0,0,205
1674360747300,1411,/object_info_4,200,OK,Jmeter_HW_1 1-17,text,true,,237,163,9,9,http://162.55.220.72:5005/object_info_4?name=Gadyn&age=35&salary=2000,,1411,ISO-8859-1,1,0,0,1204
1674360746327,2415,/user_info_3,200,OK,Jmeter_HW_1 1-38,text,true,,369,244,8,8,http://162.55.220.72:5005/user_info_3,,2415,ISO-8859-1,1,0,0,2206
1674360748419,411,/object_info_3,200,OK,Jmeter_HW_1 1-11,text,true,,525,162,8,8,http://162.55.220.72:5005/object_info_3?name=Lary&age=40&salary=4500,,411,ISO-8859-1,1,0,0,206
1674360748500,413,/object_info_4,200,OK,Jmeter_HW_1 1-32,text,true,,237,163,8,8,http://162.55.220.72:5005/object_info_4?name=Gadyn&age=35&salary=2000,,413,ISO-8859-1,1,0,0,206
1674360747621,1412,/object_info_1,200,OK,Jmeter_HW_1 1-49,text,true,,231,161,7,7,http://162.55.220.72:5005/object_info_1?name=Anton&age=24&weight=99,,1412,ISO-8859-1,1,0,0,1204
1674360747743,1419,/object_info_4,200,OK,Jmeter_HW_1 1-35,text,true,,237,163,7,7,http://162.55.220.72:5005/object_info_4?name=Gadyn&age=35&salary=2000,,1418,ISO-8859-1,1,0,0,1207
1674360748056,1408,/object_info_3,200,OK,Jmeter_HW_1 1-44,text,true,,525,162,6,6,http://162.55.220.72:5005/object_info_3?name=Lary&age=40&salary=4500,,1408,ISO-8859-1,1,0,0,1202
1674360749464,412,/object_info_4,200,OK,Jmeter_HW_1 1-44,text,true,,237,163,6,6,http://162.55.220.72:5005/object_info_4?name=Gadyn&age=35&salary=2000,,412,ISO-8859-1,1,0,0,206
1674360747543,2411,/object_info_4,200,OK,Jmeter_HW_1 1-45,text,true,,237,163,5,5,http://162.55.220.72:5005/object_info_4?name=Gadyn&age=35&salary=2000,,2411,ISO-8859-1,1,0,0,2205
1674360748743,1411,/object_info_1,200,OK,Jmeter_HW_1 1-38,text,true,,231,161,4,4,http://162.55.220.72:5005/object_info_1?name=Anton&age=24&weight=99,,1411,ISO-8859-1,1,0,0,1205
1674360748830,1416,/object_info_4,200,OK,Jmeter_HW_1 1-11,text,true,,237,163,4,4,http://162.55.220.72:5005/object_info_4?name=Gadyn&age=35&salary=2000,,1416,ISO-8859-1,1,0,0,1207
1674360749033,1413,/object_info_2,200,OK,Jmeter_HW_1 1-49,text,true,,476,163,3,3,http://162.55.220.72:5005/object_info_2?name=Vasya&age=30&salary=1500,,1413,ISO-8859-1,1,0,0,1206
1674360750154,406,/object_info_2,200,OK,Jmeter_HW_1 1-38,text,true,,476,163,3,3,http://162.55.220.72:5005/object_info_2?name=Vasya&age=30&salary=1500,,406,ISO-8859-1,1,0,0,202
1674360750446,410,/object_info_3,200,OK,Jmeter_HW_1 1-49,text,true,,525,162,3,3,http://162.55.220.72:5005/object_info_3?name=Lary&age=40&salary=4500,,410,ISO-8859-1,1,0,0,203
1674360750857,411,/object_info_4,200,OK,Jmeter_HW_1 1-49,text,true,,237,163,3,3,http://162.55.220.72:5005/object_info_4?name=Gadyn&age=35&salary=2000,,411,ISO-8859-1,1,0,0,205
1674360750560,1412,/object_info_3,200,OK,Jmeter_HW_1 1-38,text,true,,525,162,2,2,http://162.55.220.72:5005/object_info_3?name=Lary&age=40&salary=4500,,1412,ISO-8859-1,1,0,0,1204
1674360751972,1419,/object_info_4,200,OK,Jmeter_HW_1 1-38,text,true,,237,163,2,2,http://162.55.220.72:5005/object_info_4?name=Gadyn&age=35&salary=2000,,1419,ISO-8859-1,1,0,0,1210
1674360748523,7413,/object_info_3,200,OK,Jmeter_HW_1 1-50,text,true,,525,162,1,1,http://162.55.220.72:5005/object_info_3?name=Lary&age=40&salary=4500,,7413,ISO-8859-1,1,0,0,7209
1674360755937,408,/object_info_4,200,OK,Jmeter_HW_1 1-50,text,true,,237,163,1,1,http://162.55.220.72:5005/object_info_4?name=Gadyn&age=35&salary=2000,,408,ISO-8859-1,1,0,0,203
